Id,email_address
0,dizzyKimberly@me.com
1,realRaymond39@hetnet.nl
2,Patrickvictorious@live.nl
3,cruelNicolas@yahoo.com.ar
4,nuttyLawrence17@laposte.net
5,fiercePreston@att.net
6,braveJimmy25@skynet.be
7,Alexpuzzled@live.nl
8,smilingMorgan@bellsouth.net
9,betterEduardo@yahoo.fr
10,Jordanhurt@earthlink.net
11,Kaitlinnasty@t-online.de
12,nastyBrent@gmail.com
13,Gabrielpuzzled@skynet.be
14,braveJorge62@yahoo.co.uk
15,lazyAdriana31@terra.com.br
16,Summerbrainy@live.com.au
17,carefulLarry@yahoo.de
18,Stephenugly@yahoo.com.au
19,uptightMarvin@outlook.com
20,splendidTheodore@hotmail.co.uk
21,Bruceevil@planet.nl
22,Troyobedient@yahoo.co.in
23,carefulLawrence@uol.com.br
24,Prestoneager@live.fr
25,evilBarry@chello.nl
26,thoughtlessVirginia@planet.nl
27,Tarynblue@tin.it
28,Melodywrong@yahoo.ca
29,selfishCaleb@sky.com
30,repulsiveTerry@ymail.com
31,depressedCarmen41@qq.com
32,Evelyncreepy@wanadoo.fr
33,niceChristian82@laposte.net
34,breakableAaron10@libero.it
35,cheerfulWillie@hetnet.nl
36,Brandifrantic@yahoo.es
37,outstandingJordan@yahoo.in
38,troubledJodi@zonnet.nl
39,Katielively@bigpond.net.au
40,defeatedNeil42@telenet.be
41,enthusiasticDouglas68@sky.com
42,agreeableGary@live.ca
43,obedientCalvin@live.co.uk
44,confusedJon@wanadoo.fr
45,Whitneypanicky@uol.com.br
46,Jesusnaughty@yahoo.co.uk
47,fragileAlison@tiscali.it
48,Josephcolorful@hotmail.de
49,Stevefrightened@optusnet.com.au
50,Jamesthoughtless@facebook.com
51,blushingCarmen@terra.com.br
52,kindFrancisco@yahoo.com.au
53,talentedLauren13@msn.com
54,Kristophercooperative@outlook.com
55,modernRandi12@hotmail.es
56,determinedBlake0@libero.it
57,soreBrian8@live.com.au
58,Garyvictorious@yahoo.com.sg
59,badMichael@yahoo.co.id
60,niceAbby16@live.fr
61,Juliacruel@yahoo.fr
62,Andrewannoying@planet.nl
63,darkCarmen83@yahoo.com
64,pricklyKristine41@hotmail.de
65,darkBridget@yahoo.fr
66,thankfulShannon@voila.fr
67,jollyGrant46@live.com
68,excitedWillie95@chello.nl
69,old-fashionedDane@juno.com
70,ashamedRebekah96@yahoo.co.jp
71,dizzyJessie@juno.com
72,putridMayra64@live.nl
73,livelyAllison67@hotmail.it
74,motionlessJennifer9@sbcglobal.net
75,Autumnhurt@chello.nl
76,Adrianabreakable@telenet.be
77,Carolinetasty@msn.com
78,attractiveAllen@yahoo.co.jp
79,tenseNancy@uol.com.br
80,illAdam54@rediffmail.com
81,shyCara@verizon.net
82,Bryanhomely@live.co.uk
83,thoughtlessLindsey@arcor.de
84,Alexanderglorious@chello.nl
85,boredEduardo@bellsouth.net
86,mistyShawn30@tiscali.it
87,realEugene@mac.com
88,Ashleighproud@windstream.net
89,relievedJulian21@hotmail.it
90,vastJanet21@aol.com
91,nastyClaudia89@blueyonder.co.uk
92,Devinselfish@live.co.uk
93,Carlyfriendly@tin.it
94,kindDerek@hotmail.es
95,superMelody@yahoo.com.sg
96,calmFrank28@tiscali.it
97,Allenunsightly@wanadoo.fr
98,mushySpencer35@att.net
99,tastyKristopher63@juno.com
100,bewilderedJuan@centurytel.net
101,Ericcourageous@bigpond.com
102,Tamararelieved@mac.com
103,successfulJonathon6@live.fr
104,Micahbetter@yahoo.com.ar
105,Johnplain@live.co.uk
106,Tanyafrightened@bigpond.net.au
107,dizzyWalter17@bigpond.com
108,livelyAlisha@optusnet.com.au
109,scaryLinda28@yahoo.co.in
110,nervousGarrett@sbcglobal.net
111,cleverGrant89@optusnet.com.au
112,cheerfulJenny@wanadoo.fr
113,terribleJermaine17@ig.com.br
114,Christianbrave@tiscali.it
115,motionlessPedro40@yahoo.com.br
116,uglyJon@frontiernet.net
117,foolishJacqueline24@sbcglobal.net
118,Darrylugly@yahoo.com
119,alertKrystle@planet.nl
120,Kaitlinmuddy@yahoo.co.jp
121,Latashahealthy@arcor.de
122,concernedNichole@hotmail.de
123,strangeFrancisco@aol.com
124,charmingVictoria@comcast.net
125,ugliestAngel33@yahoo.com.br
126,cuteBrad17@yahoo.de
127,tenderKeith42@alice.it
128,bewilderedGerald@aliceadsl.fr
129,Natashaagreeable@yahoo.com.ar
130,blue-eyedTyrone@earthlink.net
